File Path,Searched Keyword,Line Number,Line
/Users/ranjith/Documents/Tools/diva/disassembled/res/layout/activity_access_control3.xml,,,
,password,,
,,5,"<EditText android:id=""@id/aci3Pin"" android:layout_width=""fill_parent"" android:layout_height=""wrap_content"" android:hint=""@string/aci3_enterpin"" android:ems=""10"" android:maxLength=""4"" android:layout_alignParentLeft=""true"" android:layout_centerVertical=""true"" android:inputType=""numberPassword"" />"
/Users/ranjith/Documents/Tools/diva/disassembled/res/layout/activity_access_control3_notes.xml,,,
,password,,
,,4,"<EditText android:id=""@id/aci3notesPinText"" android:layout_width=""fill_parent"" android:layout_height=""wrap_content"" android:hint=""@string/aci3_enterpin"" android:ems=""10"" android:maxLength=""4"" android:layout_alignParentLeft=""true"" android:layout_alignParentTop=""true"" android:inputType=""numberPassword"" />"
/Users/ranjith/Documents/Tools/diva/disassembled/res/layout/activity_insecure_data_storage4.xml,,,
,password,,
,,6,"<EditText android:id=""@id/ids4Pwd"" android:layout_width=""fill_parent"" android:layout_height=""wrap_content"" android:hint=""@string/ids1_password"" android:ems=""10"" android:layout_below=""@id/ids4Usr"" android:layout_alignParentLeft=""true"" android:layout_centerVertical=""true"" android:inputType=""textPassword"" />"
/Users/ranjith/Documents/Tools/diva/disassembled/res/layout/activity_insecure_data_storage2.xml,,,
,password,,
,,6,"<EditText android:id=""@id/ids2Pwd"" android:layout_width=""fill_parent"" android:layout_height=""wrap_content"" android:hint=""@string/ids1_password"" android:ems=""10"" android:layout_below=""@id/ids2Usr"" android:layout_alignParentLeft=""true"" android:layout_centerVertical=""true"" android:inputType=""textPassword"" />"
/Users/ranjith/Documents/Tools/diva/disassembled/res/layout/activity_insecure_data_storage3.xml,,,
,password,,
,,6,"<EditText android:id=""@id/ids3Pwd"" android:layout_width=""fill_parent"" android:layout_height=""wrap_content"" android:hint=""@string/ids1_password"" android:ems=""10"" android:layout_below=""@id/ids3Usr"" android:layout_alignParentLeft=""true"" android:layout_centerVertical=""true"" android:inputType=""textPassword"" />"
/Users/ranjith/Documents/Tools/diva/disassembled/res/layout/activity_insecure_data_storage1.xml,,,
,password,,
,,6,"<EditText android:id=""@id/ids1Pwd"" android:layout_width=""fill_parent"" android:layout_height=""wrap_content"" android:hint=""@string/ids1_password"" android:ems=""10"" android:layout_below=""@id/ids1Usr"" android:layout_alignParentLeft=""true"" android:layout_centerVertical=""true"" android:inputType=""textPassword"" />"
/Users/ranjith/Documents/Tools/diva/disassembled/res/values/public.xml,,,
,password,,
,,487,"<public type=""string"" name=""ids1_password"" id=""0x7f06003a"" />"
/Users/ranjith/Documents/Tools/diva/disassembled/res/values/strings.xml,,,
,password,,
,,66,"<string name=""ids1_password"">Enter 3rd party service password</string>"
/Users/ranjith/Documents/Tools/diva/disassembled/res/layout-v17/activity_access_control3.xml,,,
,password,,
,,5,"<EditText android:id=""@id/aci3Pin"" android:layout_width=""fill_parent"" android:layout_height=""wrap_content"" android:hint=""@string/aci3_enterpin"" android:ems=""10"" android:maxLength=""4"" android:layout_alignParentLeft=""true"" android:layout_centerVertical=""true"" android:inputType=""numberPassword"" android:textAlignment=""center"" android:layout_alignParentStart=""true"" />"
/Users/ranjith/Documents/Tools/diva/disassembled/res/layout-v17/activity_access_control3_notes.xml,,,
,password,,
,,4,"<EditText android:id=""@id/aci3notesPinText"" android:layout_width=""fill_parent"" android:layout_height=""wrap_content"" android:hint=""@string/aci3_enterpin"" android:ems=""10"" android:maxLength=""4"" android:layout_alignParentLeft=""true"" android:layout_alignParentTop=""true"" android:inputType=""numberPassword"" android:textAlignment=""center"" android:layout_alignParentStart=""true"" />"
/Users/ranjith/Documents/Tools/diva/disassembled/res/layout-v17/activity_insecure_data_storage4.xml,,,
,password,,
,,6,"<EditText android:id=""@id/ids4Pwd"" android:layout_width=""fill_parent"" android:layout_height=""wrap_content"" android:hint=""@string/ids1_password"" android:ems=""10"" android:layout_below=""@id/ids4Usr"" android:layout_alignParentLeft=""true"" android:layout_centerVertical=""true"" android:inputType=""textPassword"" android:textAlignment=""center"" android:layout_alignParentStart=""true"" />"
/Users/ranjith/Documents/Tools/diva/disassembled/res/layout-v17/activity_insecure_data_storage2.xml,,,
,password,,
,,6,"<EditText android:id=""@id/ids2Pwd"" android:layout_width=""fill_parent"" android:layout_height=""wrap_content"" android:hint=""@string/ids1_password"" android:ems=""10"" android:layout_below=""@id/ids2Usr"" android:layout_alignParentLeft=""true"" android:layout_centerVertical=""true"" android:inputType=""textPassword"" android:textAlignment=""center"" android:layout_alignParentStart=""true"" />"
/Users/ranjith/Documents/Tools/diva/disassembled/res/layout-v17/activity_insecure_data_storage3.xml,,,
,password,,
,,6,"<EditText android:id=""@id/ids3Pwd"" android:layout_width=""fill_parent"" android:layout_height=""wrap_content"" android:hint=""@string/ids1_password"" android:ems=""10"" android:layout_below=""@id/ids3Usr"" android:layout_alignParentLeft=""true"" android:layout_centerVertical=""true"" android:inputType=""textPassword"" android:textAlignment=""center"" android:layout_alignParentStart=""true"" />"
/Users/ranjith/Documents/Tools/diva/disassembled/res/layout-v17/activity_insecure_data_storage1.xml,,,
,password,,
,,6,"<EditText android:id=""@id/ids1Pwd"" android:layout_width=""fill_parent"" android:layout_height=""wrap_content"" android:hint=""@string/ids1_password"" android:ems=""10"" android:layout_below=""@id/ids1Usr"" android:layout_alignParentLeft=""true"" android:layout_centerVertical=""true"" android:inputType=""textPassword"" android:textAlignment=""center"" android:layout_alignParentStart=""true"" />"
/Users/ranjith/Documents/Tools/diva/disassembled/original/META-INF/CERT.SF,,,
,asd,,
,,273,SHA1-Digest: OlDXaSDHDoEz0d1jHvJL63EQ68E=
/Users/ranjith/Documents/Tools/diva/disassembled/smali/android/support/design/widget/CoordinatorLayout$OnPreDrawListener.smali,,,
,server,,
,,6,.implements Landroid/view/ViewTreeObserver$OnPreDrawListener;
/Users/ranjith/Documents/Tools/diva/disassembled/smali/android/support/design/widget/CoordinatorLayout.smali,,,
,asd,,
,,2772,".local v2, ""hasDependencies"":Z"
,,2792,"invoke-virtual {p0, v0}, Landroid/support/design/widget/CoordinatorLayout;->hasDependencies(Landroid/view/View;)Z"
,,3639,.method hasDependencies(Landroid/view/View;)Z
,server,,
,,2122,"invoke-virtual {p0}, Landroid/support/design/widget/CoordinatorLayout;->getViewTreeObserver()Landroid/view/ViewTreeObserver;"
,,2127,".local v0, ""vto"":Landroid/view/ViewTreeObserver;"
,,2130,"invoke-virtual {v0, v1}, Landroid/view/ViewTreeObserver;->addOnPreDrawListener(Landroid/view/ViewTreeObserver$OnPreDrawListener;)V"
,,2133,".end local v0    # ""vto"":Landroid/view/ViewTreeObserver;"
,,3866,"invoke-virtual {p0}, Landroid/support/design/widget/CoordinatorLayout;->getViewTreeObserver()Landroid/view/ViewTreeObserver;"
,,3871,".local v0, ""vto"":Landroid/view/ViewTreeObserver;"
,,3874,"invoke-virtual {v0, v1}, Landroid/view/ViewTreeObserver;->addOnPreDrawListener(Landroid/view/ViewTreeObserver$OnPreDrawListener;)V"
,,3877,".end local v0    # ""vto"":Landroid/view/ViewTreeObserver;"
,,3922,"invoke-virtual {p0}, Landroid/support/design/widget/CoordinatorLayout;->getViewTreeObserver()Landroid/view/ViewTreeObserver;"
,,3927,".local v0, ""vto"":Landroid/view/ViewTreeObserver;"
,,3930,"invoke-virtual {v0, v1}, Landroid/view/ViewTreeObserver;->removeOnPreDrawListener(Landroid/view/ViewTreeObserver$OnPreDrawListener;)V"
,,3933,".end local v0    # ""vto"":Landroid/view/ViewTreeObserver;"
,,5874,"invoke-virtual {p0}, Landroid/support/design/widget/CoordinatorLayout;->getViewTreeObserver()Landroid/view/ViewTreeObserver;"
,,5879,".local v0, ""vto"":Landroid/view/ViewTreeObserver;"
,,5882,"invoke-virtual {v0, v1}, Landroid/view/ViewTreeObserver;->removeOnPreDrawListener(Landroid/view/ViewTreeObserver$OnPreDrawListener;)V"
,,5885,".end local v0    # ""vto"":Landroid/view/ViewTreeObserver;"
/Users/ranjith/Documents/Tools/diva/disassembled/smali/android/support/v7/widget/RecyclerView$AdapterDataObservable.smali,,,
,server,,
,,20,"""Landroid/support/v7/widget/RecyclerView$AdapterDataObserver;"","
,,39,.method public hasObservers()Z
,,44,"iget-object v0, p0, Landroid/support/v7/widget/RecyclerView$AdapterDataObservable;->mObservers:Ljava/util/ArrayList;"
,,68,"iget-object v1, p0, Landroid/support/v7/widget/RecyclerView$AdapterDataObservable;->mObservers:Ljava/util/ArrayList;"
,,81,"iget-object v1, p0, Landroid/support/v7/widget/RecyclerView$AdapterDataObservable;->mObservers:Ljava/util/ArrayList;"
,,87,"check-cast v1, Landroid/support/v7/widget/RecyclerView$AdapterDataObserver;"
,,89,"invoke-virtual {v1}, Landroid/support/v7/widget/RecyclerView$AdapterDataObserver;->onChanged()V"
,,108,"iget-object v1, p0, Landroid/support/v7/widget/RecyclerView$AdapterDataObservable;->mObservers:Ljava/util/ArrayList;"
,,121,"iget-object v1, p0, Landroid/support/v7/widget/RecyclerView$AdapterDataObservable;->mObservers:Ljava/util/ArrayList;"
,,127,"check-cast v1, Landroid/support/v7/widget/RecyclerView$AdapterDataObserver;"
,,131,"invoke-virtual {v1, p1, p2, v2}, Landroid/support/v7/widget/RecyclerView$AdapterDataObserver;->onItemRangeMoved(III)V"
,,166,"iget-object v1, p0, Landroid/support/v7/widget/RecyclerView$AdapterDataObservable;->mObservers:Ljava/util/ArrayList;"
,,179,"iget-object v1, p0, Landroid/support/v7/widget/RecyclerView$AdapterDataObservable;->mObservers:Ljava/util/ArrayList;"
,,185,"check-cast v1, Landroid/support/v7/widget/RecyclerView$AdapterDataObserver;"
,,187,"invoke-virtual {v1, p1, p2, p3}, Landroid/support/v7/widget/RecyclerView$AdapterDataObserver;->onItemRangeChanged(IILjava/lang/Object;)V"
,,206,"iget-object v1, p0, Landroid/support/v7/widget/RecyclerView$AdapterDataObservable;->mObservers:Ljava/util/ArrayList;"
,,219,"iget-object v1, p0, Landroid/support/v7/widget/RecyclerView$AdapterDataObservable;->mObservers:Ljava/util/ArrayList;"
,,225,"check-cast v1, Landroid/support/v7/widget/RecyclerView$AdapterDataObserver;"
,,227,"invoke-virtual {v1, p1, p2}, Landroid/support/v7/widget/RecyclerView$AdapterDataObserver;->onItemRangeInserted(II)V"
,,246,"iget-object v1, p0, Landroid/support/v7/widget/RecyclerView$AdapterDataObservable;->mObservers:Ljava/util/ArrayList;"
,,259,"iget-object v1, p0, Landroid/support/v7/widget/RecyclerView$AdapterDataObservable;->mObservers:Ljava/util/ArrayList;"
,,265,"check-cast v1, Landroid/support/v7/widget/RecyclerView$AdapterDataObserver;"
,,267,"invoke-virtual {v1, p1, p2}, Landroid/support/v7/widget/RecyclerView$AdapterDataObserver;->onItemRangeRemoved(II)V"
/Users/ranjith/Documents/Tools/diva/disassembled/smali/android/support/v7/widget/RecyclerView$RecyclerViewDataObserver.smali,,,
,server,,
,,1,.class Landroid/support/v7/widget/RecyclerView$RecyclerViewDataObserver;
,,2,.super Landroid/support/v7/widget/RecyclerView$AdapterDataObserver;
,,13,"name = ""RecyclerViewDataObserver"""
,,27,"iput-object p1, p0, Landroid/support/v7/widget/RecyclerView$RecyclerViewDataObserver;->this$0:Landroid/support/v7/widget/RecyclerView;"
,,29,"invoke-direct {p0}, Landroid/support/v7/widget/RecyclerView$AdapterDataObserver;-><init>()V"
,,41,"invoke-direct {p0, p1}, Landroid/support/v7/widget/RecyclerView$RecyclerViewDataObserver;-><init>(Landroid/support/v7/widget/RecyclerView;)V"
,,55,"iget-object v0, p0, Landroid/support/v7/widget/RecyclerView$RecyclerViewDataObserver;->this$0:Landroid/support/v7/widget/RecyclerView;"
,,62,"iget-object v0, p0, Landroid/support/v7/widget/RecyclerView$RecyclerViewDataObserver;->this$0:Landroid/support/v7/widget/RecyclerView;"
,,75,"iget-object v0, p0, Landroid/support/v7/widget/RecyclerView$RecyclerViewDataObserver;->this$0:Landroid/support/v7/widget/RecyclerView;"
,,82,"iget-object v0, p0, Landroid/support/v7/widget/RecyclerView$RecyclerViewDataObserver;->this$0:Landroid/support/v7/widget/RecyclerView;"
,,88,"iget-object v0, p0, Landroid/support/v7/widget/RecyclerView$RecyclerViewDataObserver;->this$0:Landroid/support/v7/widget/RecyclerView;"
,,99,"iget-object v0, p0, Landroid/support/v7/widget/RecyclerView$RecyclerViewDataObserver;->this$0:Landroid/support/v7/widget/RecyclerView;"
,,109,"iget-object v0, p0, Landroid/support/v7/widget/RecyclerView$RecyclerViewDataObserver;->this$0:Landroid/support/v7/widget/RecyclerView;"
,,116,"iget-object v0, p0, Landroid/support/v7/widget/RecyclerView$RecyclerViewDataObserver;->this$0:Landroid/support/v7/widget/RecyclerView;"
,,131,"iget-object v0, p0, Landroid/support/v7/widget/RecyclerView$RecyclerViewDataObserver;->this$0:Landroid/support/v7/widget/RecyclerView;"
,,138,"iget-object v0, p0, Landroid/support/v7/widget/RecyclerView$RecyclerViewDataObserver;->this$0:Landroid/support/v7/widget/RecyclerView;"
,,149,"invoke-virtual {p0}, Landroid/support/v7/widget/RecyclerView$RecyclerViewDataObserver;->triggerUpdateProcessor()V"
,,163,"iget-object v0, p0, Landroid/support/v7/widget/RecyclerView$RecyclerViewDataObserver;->this$0:Landroid/support/v7/widget/RecyclerView;"
,,170,"iget-object v0, p0, Landroid/support/v7/widget/RecyclerView$RecyclerViewDataObserver;->this$0:Landroid/support/v7/widget/RecyclerView;"
,,181,"invoke-virtual {p0}, Landroid/support/v7/widget/RecyclerView$RecyclerViewDataObserver;->triggerUpdateProcessor()V"
,,196,"iget-object v0, p0, Landroid/support/v7/widget/RecyclerView$RecyclerViewDataObserver;->this$0:Landroid/support/v7/widget/RecyclerView;"
,,203,"iget-object v0, p0, Landroid/support/v7/widget/RecyclerView$RecyclerViewDataObserver;->this$0:Landroid/support/v7/widget/RecyclerView;"
,,214,"invoke-virtual {p0}, Landroid/support/v7/widget/RecyclerView$RecyclerViewDataObserver;->triggerUpdateProcessor()V"
,,228,"iget-object v0, p0, Landroid/support/v7/widget/RecyclerView$RecyclerViewDataObserver;->this$0:Landroid/support/v7/widget/RecyclerView;"
,,235,"iget-object v0, p0, Landroid/support/v7/widget/RecyclerView$RecyclerViewDataObserver;->this$0:Landroid/support/v7/widget/RecyclerView;"
,,246,"invoke-virtual {p0}, Landroid/support/v7/widget/RecyclerView$RecyclerViewDataObserver;->triggerUpdateProcessor()V"
,,258,"iget-object v0, p0, Landroid/support/v7/widget/RecyclerView$RecyclerViewDataObserver;->this$0:Landroid/support/v7/widget/RecyclerView;"
,,266,"iget-object v0, p0, Landroid/support/v7/widget/RecyclerView$RecyclerViewDataObserver;->this$0:Landroid/support/v7/widget/RecyclerView;"
,,274,"iget-object v0, p0, Landroid/support/v7/widget/RecyclerView$RecyclerViewDataObserver;->this$0:Landroid/support/v7/widget/RecyclerView;"
,,283,"iget-object v0, p0, Landroid/support/v7/widget/RecyclerView$RecyclerViewDataObserver;->this$0:Landroid/support/v7/widget/RecyclerView;"
,,285,"iget-object v1, p0, Landroid/support/v7/widget/RecyclerView$RecyclerViewDataObserver;->this$0:Landroid/support/v7/widget/RecyclerView;"
,,299,"iget-object v0, p0, Landroid/support/v7/widget/RecyclerView$RecyclerViewDataObserver;->this$0:Landroid/support/v7/widget/RecyclerView;"
,,306,"iget-object v0, p0, Landroid/support/v7/widget/RecyclerView$RecyclerViewDataObserver;->this$0:Landroid/support/v7/widget/RecyclerView;"
/Users/ranjith/Documents/Tools/diva/disassembled/smali/android/support/v7/widget/RecyclerView$Adapter.smali,,,
,server,,
,,179,.method public final hasObservers()Z
,,187,"invoke-virtual {v0}, Landroid/support/v7/widget/RecyclerView$AdapterDataObservable;->hasObservers()Z"
,,493,.method public registerAdapterDataObserver(Landroid/support/v7/widget/RecyclerView$AdapterDataObserver;)V
,,495,".param p1, ""observer""    # Landroid/support/v7/widget/RecyclerView$AdapterDataObserver;"
,,502,"invoke-virtual {v0, p1}, Landroid/support/v7/widget/RecyclerView$AdapterDataObservable;->registerObserver(Ljava/lang/Object;)V"
,,515,"invoke-virtual {p0}, Landroid/support/v7/widget/RecyclerView$Adapter;->hasObservers()Z"
,,524,"const-string v1, ""Cannot change whether this adapter has stable IDs while the adapter has registered observers."""
,,538,.method public unregisterAdapterDataObserver(Landroid/support/v7/widget/RecyclerView$AdapterDataObserver;)V
,,540,".param p1, ""observer""    # Landroid/support/v7/widget/RecyclerView$AdapterDataObserver;"
,,547,"invoke-virtual {v0, p1}, Landroid/support/v7/widget/RecyclerView$AdapterDataObservable;->unregisterObserver(Ljava/lang/Object;)V"
/Users/ranjith/Documents/Tools/diva/disassembled/smali/android/support/v7/widget/ListPopupWindow.smali,,,
,asd,,
,,3002,"invoke-static {v0, v1, v2, v3, v4}, Landroid/support/v4/widget/PopupWindowCompat;->showAsDropDown(Landroid/widget/PopupWindow;Landroid/view/View;III)V"
,server,,
,,13,"Landroid/support/v7/widget/ListPopupWindow$PopupDataSetObserver;,"
,,89,.field private mObserver:Landroid/database/DataSetObserver;
,,2258,"iget-object v0, p0, Landroid/support/v7/widget/ListPopupWindow;->mObserver:Landroid/database/DataSetObserver;"
,,2263,"new-instance v0, Landroid/support/v7/widget/ListPopupWindow$PopupDataSetObserver;"
,,2267,"invoke-direct {v0, p0, v1}, Landroid/support/v7/widget/ListPopupWindow$PopupDataSetObserver;-><init>(Landroid/support/v7/widget/ListPopupWindow;Landroid/support/v7/widget/ListPopupWindow$1;)V"
,,2269,"iput-object v0, p0, Landroid/support/v7/widget/ListPopupWindow;->mObserver:Landroid/database/DataSetObserver;"
,,2282,"iget-object v0, p0, Landroid/support/v7/widget/ListPopupWindow;->mObserver:Landroid/database/DataSetObserver;"
,,2284,"invoke-interface {p1, v0}, Landroid/widget/ListAdapter;->registerDataSetObserver(Landroid/database/DataSetObserver;)V"
,,2312,"iget-object v1, p0, Landroid/support/v7/widget/ListPopupWindow;->mObserver:Landroid/database/DataSetObserver;"
,,2314,"invoke-interface {v0, v1}, Landroid/widget/ListAdapter;->unregisterDataSetObserver(Landroid/database/DataSetObserver;)V"
/Users/ranjith/Documents/Tools/diva/disassembled/smali/android/support/v7/widget/SearchView$6.smali,,,
,server,,
,,6,.implements Landroid/view/ViewTreeObserver$OnGlobalLayoutListener;
/Users/ranjith/Documents/Tools/diva/disassembled/smali/android/support/v7/widget/RecyclerView.smali,,,
,server,,
,,20,"Landroid/support/v7/widget/RecyclerView$AdapterDataObserver;,"
,,34,"Landroid/support/v7/widget/RecyclerView$RecyclerViewDataObserver;,"
,,180,.field private final mObserver:Landroid/support/v7/widget/RecyclerView$RecyclerViewDataObserver;
,,391,"new-instance v0, Landroid/support/v7/widget/RecyclerView$RecyclerViewDataObserver;"
,,393,"invoke-direct {v0, p0, v4}, Landroid/support/v7/widget/RecyclerView$RecyclerViewDataObserver;-><init>(Landroid/support/v7/widget/RecyclerView;Landroid/support/v7/widget/RecyclerView$1;)V"
,,395,"iput-object v0, p0, Landroid/support/v7/widget/RecyclerView;->mObserver:Landroid/support/v7/widget/RecyclerView$RecyclerViewDataObserver;"
,,4007,"iget-object v2, p0, Landroid/support/v7/widget/RecyclerView;->mObserver:Landroid/support/v7/widget/RecyclerView$RecyclerViewDataObserver;"
,,4009,"invoke-virtual {v1, v2}, Landroid/support/v7/widget/RecyclerView$Adapter;->unregisterAdapterDataObserver(Landroid/support/v7/widget/RecyclerView$AdapterDataObserver;)V"
,,4076,"iget-object v1, p0, Landroid/support/v7/widget/RecyclerView;->mObserver:Landroid/support/v7/widget/RecyclerView$RecyclerViewDataObserver;"
,,4078,"invoke-virtual {p1, v1}, Landroid/support/v7/widget/RecyclerView$Adapter;->registerAdapterDataObserver(Landroid/support/v7/widget/RecyclerView$AdapterDataObserver;)V"
/Users/ranjith/Documents/Tools/diva/disassembled/smali/android/support/v7/widget/SearchView.smali,,,
,server,,
,,1052,"invoke-virtual {v0}, Landroid/view/View;->getViewTreeObserver()Landroid/view/ViewTreeObserver;"
,,1060,"invoke-virtual {v0, v1}, Landroid/view/ViewTreeObserver;->addOnGlobalLayoutListener(Landroid/view/ViewTreeObserver$OnGlobalLayoutListener;)V"
/Users/ranjith/Documents/Tools/diva/disassembled/smali/android/support/v7/widget/RecyclerView$AdapterDataObserver.smali,,,
,server,,
,,1,.class public abstract Landroid/support/v7/widget/RecyclerView$AdapterDataObserver;
,,13,"name = ""AdapterDataObserver"""
,,56,"invoke-virtual {p0, p1, p2}, Landroid/support/v7/widget/RecyclerView$AdapterDataObserver;->onItemRangeChanged(II)V"
/Users/ranjith/Documents/Tools/diva/disassembled/smali/android/support/v7/widget/LinearLayoutCompat.smali,,,
,asd,,
,,510,"invoke-virtual {p0, v2}, Landroid/support/v7/widget/LinearLayoutCompat;->hasDividerBeforeChildAt(I)Z"
,,572,"invoke-virtual {p0, v1}, Landroid/support/v7/widget/LinearLayoutCompat;->hasDividerBeforeChildAt(I)Z"
,,708,"invoke-virtual {p0, v3}, Landroid/support/v7/widget/LinearLayoutCompat;->hasDividerBeforeChildAt(I)Z"
,,750,"invoke-virtual {p0, v2}, Landroid/support/v7/widget/LinearLayoutCompat;->hasDividerBeforeChildAt(I)Z"
,,1339,.method protected hasDividerBeforeChildAt(I)Z
,,1772,"invoke-virtual {v0, v11}, Landroid/support/v7/widget/LinearLayoutCompat;->hasDividerBeforeChildAt(I)Z"
,,2173,"invoke-virtual {v0, v13}, Landroid/support/v7/widget/LinearLayoutCompat;->hasDividerBeforeChildAt(I)Z"
,,2585,"invoke-virtual {v0, v5}, Landroid/support/v7/widget/LinearLayoutCompat;->hasDividerBeforeChildAt(I)Z"
,,3155,"invoke-virtual {v0, v1}, Landroid/support/v7/widget/LinearLayoutCompat;->hasDividerBeforeChildAt(I)Z"
,,4538,"invoke-virtual {v0, v5}, Landroid/support/v7/widget/LinearLayoutCompat;->hasDividerBeforeChildAt(I)Z"
,,4975,"invoke-virtual {v0, v1}, Landroid/support/v7/widget/LinearLayoutCompat;->hasDividerBeforeChildAt(I)Z"
/Users/ranjith/Documents/Tools/diva/disassembled/smali/android/support/v7/widget/AppCompatSpinner$DropdownPopup$2.smali,,,
,server,,
,,6,.implements Landroid/view/ViewTreeObserver$OnGlobalLayoutListener;
/Users/ranjith/Documents/Tools/diva/disassembled/smali/android/support/v7/widget/AppCompatSpinner$DropdownPopup.smali,,,
,server,,
,,494,"invoke-virtual {v4}, Landroid/support/v7/widget/AppCompatSpinner;->getViewTreeObserver()Landroid/view/ViewTreeObserver;"
,,499,".local v2, ""vto"":Landroid/view/ViewTreeObserver;"
,,508,".local v0, ""layoutListener"":Landroid/view/ViewTreeObserver$OnGlobalLayoutListener;"
,,509,"invoke-virtual {v2, v0}, Landroid/view/ViewTreeObserver;->addOnGlobalLayoutListener(Landroid/view/ViewTreeObserver$OnGlobalLayoutListener;)V"
,,514,"invoke-direct {v4, p0, v0}, Landroid/support/v7/widget/AppCompatSpinner$DropdownPopup$3;-><init>(Landroid/support/v7/widget/AppCompatSpinner$DropdownPopup;Landroid/view/ViewTreeObserver$OnGlobalLayoutListener;)V"
/Users/ranjith/Documents/Tools/diva/disassembled/smali/android/support/v7/widget/AppCompatSpinner$DropDownAdapter.smali,,,
,server,,
,,362,.method public registerDataSetObserver(Landroid/database/DataSetObserver;)V
,,364,".param p1, ""observer""    # Landroid/database/DataSetObserver;"
,,375,"invoke-interface {v0, p1}, Landroid/widget/SpinnerAdapter;->registerDataSetObserver(Landroid/database/DataSetObserver;)V"
,,382,.method public unregisterDataSetObserver(Landroid/database/DataSetObserver;)V
,,384,".param p1, ""observer""    # Landroid/database/DataSetObserver;"
,,395,"invoke-interface {v0, p1}, Landroid/widget/SpinnerAdapter;->unregisterDataSetObserver(Landroid/database/DataSetObserver;)V"
/Users/ranjith/Documents/Tools/diva/disassembled/smali/android/support/v7/widget/ListPopupWindow$PopupDataSetObserver.smali,,,
,server,,
,,1,.class Landroid/support/v7/widget/ListPopupWindow$PopupDataSetObserver;
,,2,.super Landroid/database/DataSetObserver;
,,13,"name = ""PopupDataSetObserver"""
,,27,"iput-object p1, p0, Landroid/support/v7/widget/ListPopupWindow$PopupDataSetObserver;->this$0:Landroid/support/v7/widget/ListPopupWindow;"
,,29,"invoke-direct {p0}, Landroid/database/DataSetObserver;-><init>()V"
,,41,"invoke-direct {p0, p1}, Landroid/support/v7/widget/ListPopupWindow$PopupDataSetObserver;-><init>(Landroid/support/v7/widget/ListPopupWindow;)V"
,,53,"iget-object v0, p0, Landroid/support/v7/widget/ListPopupWindow$PopupDataSetObserver;->this$0:Landroid/support/v7/widget/ListPopupWindow;"
,,62,"iget-object v0, p0, Landroid/support/v7/widget/ListPopupWindow$PopupDataSetObserver;->this$0:Landroid/support/v7/widget/ListPopupWindow;"
,,76,"iget-object v0, p0, Landroid/support/v7/widget/ListPopupWindow$PopupDataSetObserver;->this$0:Landroid/support/v7/widget/ListPopupWindow;"
/Users/ranjith/Documents/Tools/diva/disassembled/smali/android/support/v7/widget/AppCompatSpinner$DropdownPopup$3.smali,,,
,server,,
,,23,.field final synthetic val$layoutListener:Landroid/view/ViewTreeObserver$OnGlobalLayoutListener;
,,27,.method constructor <init>(Landroid/support/v7/widget/AppCompatSpinner$DropdownPopup;Landroid/view/ViewTreeObserver$OnGlobalLayoutListener;)V
,,34,"iput-object p2, p0, Landroid/support/v7/widget/AppCompatSpinner$DropdownPopup$3;->val$layoutListener:Landroid/view/ViewTreeObserver$OnGlobalLayoutListener;"
,,52,"invoke-virtual {v1}, Landroid/support/v7/widget/AppCompatSpinner;->getViewTreeObserver()Landroid/view/ViewTreeObserver;"
,,57,".local v0, ""vto"":Landroid/view/ViewTreeObserver;"
,,61,"iget-object v1, p0, Landroid/support/v7/widget/AppCompatSpinner$DropdownPopup$3;->val$layoutListener:Landroid/view/ViewTreeObserver$OnGlobalLayoutListener;"
,,63,"invoke-virtual {v0, v1}, Landroid/view/ViewTreeObserver;->removeGlobalOnLayoutListener(Landroid/view/ViewTreeObserver$OnGlobalLayoutListener;)V"
/Users/ranjith/Documents/Tools/diva/disassembled/smali/android/support/v7/widget/helper/ItemTouchHelper$Callback.smali,,,
,asd,,
,,163,"invoke-direct {p0, p1, p2}, Landroid/support/v7/widget/helper/ItemTouchHelper$Callback;->hasDragFlag(Landroid/support/v7/widget/RecyclerView;Landroid/support/v7/widget/RecyclerView$ViewHolder;)Z"
,,286,.method private hasDragFlag(Landroid/support/v7/widget/RecyclerView;Landroid/support/v7/widget/RecyclerView$ViewHolder;)Z
/Users/ranjith/Documents/Tools/diva/disassembled/smali/android/support/v7/internal/widget/ActivityChooserView$ActivityChooserViewAdapter.smali,,,
,server,,
,,635,"invoke-static {v1}, Landroid/support/v7/internal/widget/ActivityChooserView;->access$1100(Landroid/support/v7/internal/widget/ActivityChooserView;)Landroid/database/DataSetObserver;"
,,639,"invoke-virtual {v0, v1}, Landroid/support/v7/internal/widget/ActivityChooserModel;->unregisterObserver(Ljava/lang/Object;)V"
,,659,"invoke-static {v1}, Landroid/support/v7/internal/widget/ActivityChooserView;->access$1100(Landroid/support/v7/internal/widget/ActivityChooserView;)Landroid/database/DataSetObserver;"
,,663,"invoke-virtual {p1, v1}, Landroid/support/v7/internal/widget/ActivityChooserModel;->registerObserver(Ljava/lang/Object;)V"
/Users/ranjith/Documents/Tools/diva/disassembled/smali/android/support/v7/internal/widget/ActivityChooserView$1.smali,,,
,server,,
,,2,.super Landroid/database/DataSetObserver;
,,29,"invoke-direct {p0}, Landroid/database/DataSetObserver;-><init>()V"
,,41,"invoke-super {p0}, Landroid/database/DataSetObserver;->onChanged()V"
,,61,"invoke-super {p0}, Landroid/database/DataSetObserver;->onInvalidated()V"
/Users/ranjith/Documents/Tools/diva/disassembled/smali/android/support/v7/internal/widget/ActivityChooserView$4.smali,,,
,server,,
,,2,.super Landroid/database/DataSetObserver;
,,29,"invoke-direct {p0}, Landroid/database/DataSetObserver;-><init>()V"
,,41,"invoke-super {p0}, Landroid/database/DataSetObserver;->onChanged()V"
/Users/ranjith/Documents/Tools/diva/disassembled/smali/android/support/v7/internal/widget/ActivityChooserView.smali,,,
,server,,
,,52,.field private final mModelDataSetOberver:Landroid/database/DataSetObserver;
,,56,.field private final mOnGlobalLayoutListener:Landroid/view/ViewTreeObserver$OnGlobalLayoutListener;
,,110,"iput-object v5, p0, Landroid/support/v7/internal/widget/ActivityChooserView;->mModelDataSetOberver:Landroid/database/DataSetObserver;"
,,117,"iput-object v5, p0, Landroid/support/v7/internal/widget/ActivityChooserView;->mOnGlobalLayoutListener:Landroid/view/ViewTreeObserver$OnGlobalLayoutListener;"
,,289,"invoke-virtual {v5, v6}, Landroid/support/v7/internal/widget/ActivityChooserView$ActivityChooserViewAdapter;->registerDataSetObserver(Landroid/database/DataSetObserver;)V"
,,357,.method static synthetic access$1100(Landroid/support/v7/internal/widget/ActivityChooserView;)Landroid/database/DataSetObserver;
,,363,"iget-object v0, p0, Landroid/support/v7/internal/widget/ActivityChooserView;->mModelDataSetOberver:Landroid/database/DataSetObserver;"
,,536,"invoke-virtual {p0}, Landroid/support/v7/internal/widget/ActivityChooserView;->getViewTreeObserver()Landroid/view/ViewTreeObserver;"
,,540,"iget-object v8, p0, Landroid/support/v7/internal/widget/ActivityChooserView;->mOnGlobalLayoutListener:Landroid/view/ViewTreeObserver$OnGlobalLayoutListener;"
,,542,"invoke-virtual {v7, v8}, Landroid/view/ViewTreeObserver;->addOnGlobalLayoutListener(Landroid/view/ViewTreeObserver$OnGlobalLayoutListener;)V"
,,907,"invoke-virtual {p0}, Landroid/support/v7/internal/widget/ActivityChooserView;->getViewTreeObserver()Landroid/view/ViewTreeObserver;"
,,912,".local v0, ""viewTreeObserver"":Landroid/view/ViewTreeObserver;"
,,913,"invoke-virtual {v0}, Landroid/view/ViewTreeObserver;->isAlive()Z"
,,920,"iget-object v1, p0, Landroid/support/v7/internal/widget/ActivityChooserView;->mOnGlobalLayoutListener:Landroid/view/ViewTreeObserver$OnGlobalLayoutListener;"
,,922,"invoke-virtual {v0, v1}, Landroid/view/ViewTreeObserver;->removeGlobalOnLayoutListener(Landroid/view/ViewTreeObserver$OnGlobalLayoutListener;)V"
,,925,".end local v0    # ""viewTreeObserver"":Landroid/view/ViewTreeObserver;"
,,981,"iget-object v1, p0, Landroid/support/v7/internal/widget/ActivityChooserView;->mModelDataSetOberver:Landroid/database/DataSetObserver;"
,,983,"invoke-virtual {v0, v1}, Landroid/support/v7/internal/widget/ActivityChooserModel;->registerObserver(Ljava/lang/Object;)V"
,,1014,"iget-object v2, p0, Landroid/support/v7/internal/widget/ActivityChooserView;->mModelDataSetOberver:Landroid/database/DataSetObserver;"
,,1016,"invoke-virtual {v0, v2}, Landroid/support/v7/internal/widget/ActivityChooserModel;->unregisterObserver(Ljava/lang/Object;)V"
,,1020,"invoke-virtual {p0}, Landroid/support/v7/internal/widget/ActivityChooserView;->getViewTreeObserver()Landroid/view/ViewTreeObserver;"
,,1025,".local v1, ""viewTreeObserver"":Landroid/view/ViewTreeObserver;"
,,1026,"invoke-virtual {v1}, Landroid/view/ViewTreeObserver;->isAlive()Z"
,,1033,"iget-object v2, p0, Landroid/support/v7/internal/widget/ActivityChooserView;->mOnGlobalLayoutListener:Landroid/view/ViewTreeObserver$OnGlobalLayoutListener;"
,,1035,"invoke-virtual {v1, v2}, Landroid/view/ViewTreeObserver;->removeGlobalOnLayoutListener(Landroid/view/ViewTreeObserver$OnGlobalLayoutListener;)V"
/Users/ranjith/Documents/Tools/diva/disassembled/smali/android/support/v7/internal/widget/ActivityChooserView$2.smali,,,
,server,,
,,6,.implements Landroid/view/ViewTreeObserver$OnGlobalLayoutListener;
/Users/ranjith/Documents/Tools/diva/disassembled/smali/android/support/v7/internal/widget/AppCompatPopupWindow$1.smali,,,
,server,,
,,6,.implements Landroid/view/ViewTreeObserver$OnScrollChangedListener;
,,23,.field final synthetic val$originalListener:Landroid/view/ViewTreeObserver$OnScrollChangedListener;
,,29,.method constructor <init>(Ljava/lang/reflect/Field;Landroid/widget/PopupWindow;Landroid/view/ViewTreeObserver$OnScrollChangedListener;)V
,,38,"iput-object p3, p0, Landroid/support/v7/internal/widget/AppCompatPopupWindow$1;->val$originalListener:Landroid/view/ViewTreeObserver$OnScrollChangedListener;"
,,82,"iget-object v1, p0, Landroid/support/v7/internal/widget/AppCompatPopupWindow$1;->val$originalListener:Landroid/view/ViewTreeObserver$OnScrollChangedListener;"
,,84,"invoke-interface {v1}, Landroid/view/ViewTreeObserver$OnScrollChangedListener;->onScrollChanged()V"
/Users/ranjith/Documents/Tools/diva/disassembled/smali/android/support/v7/internal/widget/AppCompatPopupWindow.smali,,,
,asd,,
,,232,.method public showAsDropDown(Landroid/view/View;II)V
,,257,"invoke-super {p0, p1, p2, p3}, Landroid/widget/PopupWindow;->showAsDropDown(Landroid/view/View;II)V"
,,263,.method public showAsDropDown(Landroid/view/View;III)V
,,292,"invoke-super {p0, p1, p2, p3, p4}, Landroid/widget/PopupWindow;->showAsDropDown(Landroid/view/View;III)V"
,server,,
,,148,"check-cast v3, Landroid/view/ViewTreeObserver$OnScrollChangedListener;"
,,151,".local v3, ""originalListener"":Landroid/view/ViewTreeObserver$OnScrollChangedListener;"
,,154,"invoke-direct {v4, v1, p0, v3}, Landroid/support/v7/internal/widget/AppCompatPopupWindow$1;-><init>(Ljava/lang/reflect/Field;Landroid/widget/PopupWindow;Landroid/view/ViewTreeObserver$OnScrollChangedListener;)V"
,,163,".end local v3    # ""originalListener"":Landroid/view/ViewTreeObserver$OnScrollChangedListener;"
/Users/ranjith/Documents/Tools/diva/disassembled/smali/android/support/v7/internal/view/menu/MenuPopupHelper.smali,,,
,server,,
,,8,.implements Landroid/view/ViewTreeObserver$OnGlobalLayoutListener;
,,60,.field private mTreeObserver:Landroid/view/ViewTreeObserver;
,,590,"iget-object v0, p0, Landroid/support/v7/internal/view/menu/MenuPopupHelper;->mTreeObserver:Landroid/view/ViewTreeObserver;"
,,595,"iget-object v0, p0, Landroid/support/v7/internal/view/menu/MenuPopupHelper;->mTreeObserver:Landroid/view/ViewTreeObserver;"
,,597,"invoke-virtual {v0}, Landroid/view/ViewTreeObserver;->isAlive()Z"
,,605,"invoke-virtual {v0}, Landroid/view/View;->getViewTreeObserver()Landroid/view/ViewTreeObserver;"
,,609,"iput-object v0, p0, Landroid/support/v7/internal/view/menu/MenuPopupHelper;->mTreeObserver:Landroid/view/ViewTreeObserver;"
,,613,"iget-object v0, p0, Landroid/support/v7/internal/view/menu/MenuPopupHelper;->mTreeObserver:Landroid/view/ViewTreeObserver;"
,,615,"invoke-virtual {v0, p0}, Landroid/view/ViewTreeObserver;->removeGlobalOnLayoutListener(Landroid/view/ViewTreeObserver$OnGlobalLayoutListener;)V"
,,618,"iput-object v1, p0, Landroid/support/v7/internal/view/menu/MenuPopupHelper;->mTreeObserver:Landroid/view/ViewTreeObserver;"
,,1015,"iget-object v3, p0, Landroid/support/v7/internal/view/menu/MenuPopupHelper;->mTreeObserver:Landroid/view/ViewTreeObserver;"
,,1024,"invoke-virtual {v1}, Landroid/view/View;->getViewTreeObserver()Landroid/view/ViewTreeObserver;"
,,1028,"iput-object v3, p0, Landroid/support/v7/internal/view/menu/MenuPopupHelper;->mTreeObserver:Landroid/view/ViewTreeObserver;"
,,1033,"iget-object v3, p0, Landroid/support/v7/internal/view/menu/MenuPopupHelper;->mTreeObserver:Landroid/view/ViewTreeObserver;"
,,1035,"invoke-virtual {v3, p0}, Landroid/view/ViewTreeObserver;->addOnGlobalLayoutListener(Landroid/view/ViewTreeObserver$OnGlobalLayoutListener;)V"
/Users/ranjith/Documents/Tools/diva/disassembled/smali/android/support/v4/app/BackStackRecord$2.smali,,,
,server,,
,,6,.implements Landroid/view/ViewTreeObserver$OnPreDrawListener;
,,74,"invoke-virtual {v0}, Landroid/view/View;->getViewTreeObserver()Landroid/view/ViewTreeObserver;"
,,78,"invoke-virtual {v0, p0}, Landroid/view/ViewTreeObserver;->removeOnPreDrawListener(Landroid/view/ViewTreeObserver$OnPreDrawListener;)V"
/Users/ranjith/Documents/Tools/diva/disassembled/smali/android/support/v4/app/FragmentTransitionCompat21.smali,,,
,server,,
,,255,"invoke-virtual {p2}, Landroid/view/View;->getViewTreeObserver()Landroid/view/ViewTreeObserver;"
,,275,"invoke-virtual {v10, v2}, Landroid/view/ViewTreeObserver;->addOnPreDrawListener(Landroid/view/ViewTreeObserver$OnPreDrawListener;)V"
,,664,"invoke-virtual {p0}, Landroid/view/View;->getViewTreeObserver()Landroid/view/ViewTreeObserver;"
,,686,"invoke-virtual {v12, v0}, Landroid/view/ViewTreeObserver;->addOnPreDrawListener(Landroid/view/ViewTreeObserver$OnPreDrawListener;)V"
/Users/ranjith/Documents/Tools/diva/disassembled/smali/android/support/v4/app/FragmentTransitionCompat21$2.smali,,,
,server,,
,,6,.implements Landroid/view/ViewTreeObserver$OnPreDrawListener;
,,70,"invoke-virtual {v6}, Landroid/view/View;->getViewTreeObserver()Landroid/view/ViewTreeObserver;"
,,74,"invoke-virtual {v6, p0}, Landroid/view/ViewTreeObserver;->removeOnPreDrawListener(Landroid/view/ViewTreeObserver$OnPreDrawListener;)V"
/Users/ranjith/Documents/Tools/diva/disassembled/smali/android/support/v4/app/BackStackRecord$3.smali,,,
,server,,
,,6,.implements Landroid/view/ViewTreeObserver$OnPreDrawListener;
,,62,"invoke-virtual {v0}, Landroid/view/View;->getViewTreeObserver()Landroid/view/ViewTreeObserver;"
,,66,"invoke-virtual {v0, p0}, Landroid/view/ViewTreeObserver;->removeOnPreDrawListener(Landroid/view/ViewTreeObserver$OnPreDrawListener;)V"
/Users/ranjith/Documents/Tools/diva/disassembled/smali/android/support/v4/app/FragmentTransitionCompat21$4.smali,,,
,server,,
,,6,.implements Landroid/view/ViewTreeObserver$OnPreDrawListener;
,,88,"invoke-virtual {v6}, Landroid/view/View;->getViewTreeObserver()Landroid/view/ViewTreeObserver;"
,,92,"invoke-virtual {v6, p0}, Landroid/view/ViewTreeObserver;->removeOnPreDrawListener(Landroid/view/ViewTreeObserver$OnPreDrawListener;)V"
/Users/ranjith/Documents/Tools/diva/disassembled/smali/android/support/v4/app/BackStackRecord.smali,,,
,server,,
,,1424,"invoke-virtual {p1}, Landroid/view/View;->getViewTreeObserver()Landroid/view/ViewTreeObserver;"
,,1442,"invoke-virtual {v6, v0}, Landroid/view/ViewTreeObserver;->addOnPreDrawListener(Landroid/view/ViewTreeObserver$OnPreDrawListener;)V"
,,1734,"invoke-virtual {p2}, Landroid/view/View;->getViewTreeObserver()Landroid/view/ViewTreeObserver;"
,,1758,"invoke-virtual {v9, v0}, Landroid/view/ViewTreeObserver;->addOnPreDrawListener(Landroid/view/ViewTreeObserver$OnPreDrawListener;)V"
/Users/ranjith/Documents/Tools/diva/disassembled/smali/android/support/v4/widget/CursorAdapter$MyDataSetObserver.smali,,,
,server,,
,,1,.class Landroid/support/v4/widget/CursorAdapter$MyDataSetObserver;
,,2,.super Landroid/database/DataSetObserver;
,,13,"name = ""MyDataSetObserver"""
,,27,"iput-object p1, p0, Landroid/support/v4/widget/CursorAdapter$MyDataSetObserver;->this$0:Landroid/support/v4/widget/CursorAdapter;"
,,29,"invoke-direct {p0}, Landroid/database/DataSetObserver;-><init>()V"
,,41,"invoke-direct {p0, p1}, Landroid/support/v4/widget/CursorAdapter$MyDataSetObserver;-><init>(Landroid/support/v4/widget/CursorAdapter;)V"
,,53,"iget-object v0, p0, Landroid/support/v4/widget/CursorAdapter$MyDataSetObserver;->this$0:Landroid/support/v4/widget/CursorAdapter;"
,,60,"iget-object v0, p0, Landroid/support/v4/widget/CursorAdapter$MyDataSetObserver;->this$0:Landroid/support/v4/widget/CursorAdapter;"
,,73,"iget-object v0, p0, Landroid/support/v4/widget/CursorAdapter$MyDataSetObserver;->this$0:Landroid/support/v4/widget/CursorAdapter;"
,,80,"iget-object v0, p0, Landroid/support/v4/widget/CursorAdapter$MyDataSetObserver;->this$0:Landroid/support/v4/widget/CursorAdapter;"
/Users/ranjith/Documents/Tools/diva/disassembled/smali/android/support/v4/widget/PopupWindowCompat$PopupWindowImpl.smali,,,
,asd,,
,,30,.method public abstract showAsDropDown(Landroid/widget/PopupWindow;Landroid/view/View;III)V
/Users/ranjith/Documents/Tools/diva/disassembled/smali/android/support/v4/widget/PopupWindowCompat$BasePopupWindowImpl.smali,,,
,asd,,
,,75,.method public showAsDropDown(Landroid/widget/PopupWindow;Landroid/view/View;III)V
,,85,"invoke-virtual {p1, p2, p3, p4}, Landroid/widget/PopupWindow;->showAsDropDown(Landroid/view/View;II)V"
/Users/ranjith/Documents/Tools/diva/disassembled/smali/android/support/v4/widget/PopupWindowCompatKitKat.smali,,,
,asd,,
,,17,.method public static showAsDropDown(Landroid/widget/PopupWindow;Landroid/view/View;III)V
,,27,"invoke-virtual {p0, p1, p2, p3, p4}, Landroid/widget/PopupWindow;->showAsDropDown(Landroid/view/View;III)V"
/Users/ranjith/Documents/Tools/diva/disassembled/smali/android/support/v4/widget/CursorAdapter.smali,,,
,server,,
,,14,"Landroid/support/v4/widget/CursorAdapter$MyDataSetObserver;,"
,,15,Landroid/support/v4/widget/CursorAdapter$ChangeObserver;
,,26,.field public static final FLAG_REGISTER_CONTENT_OBSERVER:I = 0x2
,,32,.field protected mChangeObserver:Landroid/support/v4/widget/CursorAdapter$ChangeObserver;
,,40,.field protected mDataSetObserver:Landroid/database/DataSetObserver;
,,524,"new-instance v1, Landroid/support/v4/widget/CursorAdapter$ChangeObserver;"
,,526,"invoke-direct {v1, p0}, Landroid/support/v4/widget/CursorAdapter$ChangeObserver;-><init>(Landroid/support/v4/widget/CursorAdapter;)V"
,,528,"iput-object v1, p0, Landroid/support/v4/widget/CursorAdapter;->mChangeObserver:Landroid/support/v4/widget/CursorAdapter$ChangeObserver;"
,,531,"new-instance v1, Landroid/support/v4/widget/CursorAdapter$MyDataSetObserver;"
,,533,"invoke-direct {v1, p0, v3}, Landroid/support/v4/widget/CursorAdapter$MyDataSetObserver;-><init>(Landroid/support/v4/widget/CursorAdapter;Landroid/support/v4/widget/CursorAdapter$1;)V"
,,535,"iput-object v1, p0, Landroid/support/v4/widget/CursorAdapter;->mDataSetObserver:Landroid/database/DataSetObserver;"
,,542,"iget-object v1, p0, Landroid/support/v4/widget/CursorAdapter;->mChangeObserver:Landroid/support/v4/widget/CursorAdapter$ChangeObserver;"
,,546,"iget-object v1, p0, Landroid/support/v4/widget/CursorAdapter;->mChangeObserver:Landroid/support/v4/widget/CursorAdapter$ChangeObserver;"
,,548,"invoke-interface {p2, v1}, Landroid/database/Cursor;->registerContentObserver(Landroid/database/ContentObserver;)V"
,,552,"iget-object v1, p0, Landroid/support/v4/widget/CursorAdapter;->mDataSetObserver:Landroid/database/DataSetObserver;"
,,556,"iget-object v1, p0, Landroid/support/v4/widget/CursorAdapter;->mDataSetObserver:Landroid/database/DataSetObserver;"
,,558,"invoke-interface {p2, v1}, Landroid/database/Cursor;->registerDataSetObserver(Landroid/database/DataSetObserver;)V"
,,586,"iput-object v3, p0, Landroid/support/v4/widget/CursorAdapter;->mChangeObserver:Landroid/support/v4/widget/CursorAdapter$ChangeObserver;"
,,589,"iput-object v3, p0, Landroid/support/v4/widget/CursorAdapter;->mDataSetObserver:Landroid/database/DataSetObserver;"
,,739,"iget-object v1, p0, Landroid/support/v4/widget/CursorAdapter;->mChangeObserver:Landroid/support/v4/widget/CursorAdapter$ChangeObserver;"
,,743,"iget-object v1, p0, Landroid/support/v4/widget/CursorAdapter;->mChangeObserver:Landroid/support/v4/widget/CursorAdapter$ChangeObserver;"
,,745,"invoke-interface {v0, v1}, Landroid/database/Cursor;->unregisterContentObserver(Landroid/database/ContentObserver;)V"
,,749,"iget-object v1, p0, Landroid/support/v4/widget/CursorAdapter;->mDataSetObserver:Landroid/database/DataSetObserver;"
,,753,"iget-object v1, p0, Landroid/support/v4/widget/CursorAdapter;->mDataSetObserver:Landroid/database/DataSetObserver;"
,,755,"invoke-interface {v0, v1}, Landroid/database/Cursor;->unregisterDataSetObserver(Landroid/database/DataSetObserver;)V"
,,765,"iget-object v1, p0, Landroid/support/v4/widget/CursorAdapter;->mChangeObserver:Landroid/support/v4/widget/CursorAdapter$ChangeObserver;"
,,769,"iget-object v1, p0, Landroid/support/v4/widget/CursorAdapter;->mChangeObserver:Landroid/support/v4/widget/CursorAdapter$ChangeObserver;"
,,771,"invoke-interface {p1, v1}, Landroid/database/Cursor;->registerContentObserver(Landroid/database/ContentObserver;)V"
,,775,"iget-object v1, p0, Landroid/support/v4/widget/CursorAdapter;->mDataSetObserver:Landroid/database/DataSetObserver;"
,,779,"iget-object v1, p0, Landroid/support/v4/widget/CursorAdapter;->mDataSetObserver:Landroid/database/DataSetObserver;"
,,781,"invoke-interface {p1, v1}, Landroid/database/Cursor;->registerDataSetObserver(Landroid/database/DataSetObserver;)V"
/Users/ranjith/Documents/Tools/diva/disassembled/smali/android/support/v4/widget/PopupWindowCompat$KitKatPopupWindowImpl.smali,,,
,asd,,
,,30,.method public showAsDropDown(Landroid/widget/PopupWindow;Landroid/view/View;III)V
,,40,"invoke-static {p1, p2, p3, p4, p5}, Landroid/support/v4/widget/PopupWindowCompatKitKat;->showAsDropDown(Landroid/widget/PopupWindow;Landroid/view/View;III)V"
/Users/ranjith/Documents/Tools/diva/disassembled/smali/android/support/v4/widget/PopupWindowCompat.smali,,,
,asd,,
,,175,.method public static showAsDropDown(Landroid/widget/PopupWindow;Landroid/view/View;III)V
,,197,"invoke-interface/range {v0 .. v5}, Landroid/support/v4/widget/PopupWindowCompat$PopupWindowImpl;->showAsDropDown(Landroid/widget/PopupWindow;Landroid/view/View;III)V"
/Users/ranjith/Documents/Tools/diva/disassembled/smali/android/support/v4/widget/CursorAdapter$ChangeObserver.smali,,,
,server,,
,,1,.class Landroid/support/v4/widget/CursorAdapter$ChangeObserver;
,,2,.super Landroid/database/ContentObserver;
,,13,"name = ""ChangeObserver"""
,,27,"iput-object p1, p0, Landroid/support/v4/widget/CursorAdapter$ChangeObserver;->this$0:Landroid/support/v4/widget/CursorAdapter;"
,,34,"invoke-direct {p0, v0}, Landroid/database/ContentObserver;-><init>(Landroid/os/Handler;)V"
,,58,"iget-object v0, p0, Landroid/support/v4/widget/CursorAdapter$ChangeObserver;->this$0:Landroid/support/v4/widget/CursorAdapter;"
/Users/ranjith/Documents/Tools/diva/disassembled/smali/android/support/v4/content/Loader.smali,,,
,server,,
,,11,Landroid/support/v4/content/Loader$ForceLoadContentObserver;
/Users/ranjith/Documents/Tools/diva/disassembled/smali/android/support/v4/content/CursorLoader.smali,,,
,server,,
,,22,.field final mObserver:Landroid/support/v4/content/Loader$ForceLoadContentObserver;
,,29,"""LoadContentObserver;"""
,,55,"new-instance v0, Landroid/support/v4/content/Loader$ForceLoadContentObserver;"
,,57,"invoke-direct {v0, p0}, Landroid/support/v4/content/Loader$ForceLoadContentObserver;-><init>(Landroid/support/v4/content/Loader;)V"
,,59,"iput-object v0, p0, Landroid/support/v4/content/CursorLoader;->mObserver:Landroid/support/v4/content/Loader$ForceLoadContentObserver;"
,,79,"new-instance v0, Landroid/support/v4/content/Loader$ForceLoadContentObserver;"
,,81,"invoke-direct {v0, p0}, Landroid/support/v4/content/Loader$ForceLoadContentObserver;-><init>(Landroid/support/v4/content/Loader;)V"
,,83,"iput-object v0, p0, Landroid/support/v4/content/CursorLoader;->mObserver:Landroid/support/v4/content/Loader$ForceLoadContentObserver;"
,,453,"iget-object v0, p0, Landroid/support/v4/content/CursorLoader;->mObserver:Landroid/support/v4/content/Loader$ForceLoadContentObserver;"
,,455,"invoke-interface {v7, v0}, Landroid/database/Cursor;->registerContentObserver(Landroid/database/ContentObserver;)V"
/Users/ranjith/Documents/Tools/diva/disassembled/smali/android/support/v4/content/Loader$ForceLoadContentObserver.smali,,,
,server,,
,,1,.class public final Landroid/support/v4/content/Loader$ForceLoadContentObserver;
,,2,.super Landroid/database/ContentObserver;
,,13,"name = ""ForceLoadContentObserver"""
,,27,".local p0, ""this"":Landroid/support/v4/content/Loader$ForceLoadContentObserver;, ""Landroid/support/v4/content/Loader<TD;>.ForceLoadContentObserver;"""
,,28,"iput-object p1, p0, Landroid/support/v4/content/Loader$ForceLoadContentObserver;->this$0:Landroid/support/v4/content/Loader;"
,,35,"invoke-direct {p0, v0}, Landroid/database/ContentObserver;-><init>(Landroid/os/Handler;)V"
,,48,".local p0, ""this"":Landroid/support/v4/content/Loader$ForceLoadContentObserver;, ""Landroid/support/v4/content/Loader<TD;>.ForceLoadContentObserver;"""
,,60,".local p0, ""this"":Landroid/support/v4/content/Loader$ForceLoadContentObserver;, ""Landroid/support/v4/content/Loader<TD;>.ForceLoadContentObserver;"""
,,61,"iget-object v0, p0, Landroid/support/v4/content/Loader$ForceLoadContentObserver;->this$0:Landroid/support/v4/content/Loader;"
/Users/ranjith/Documents/Tools/diva/disassembled/smali/android/support/v4/view/ViewPager.smali,,,
,server,,
,,11,"Landroid/support/v4/view/ViewPager$PagerObserver;,"
,,166,.field private mObserver:Landroid/support/v4/view/ViewPager$PagerObserver;
,,10685,"iget-object v5, p0, Landroid/support/v4/view/ViewPager;->mObserver:Landroid/support/v4/view/ViewPager$PagerObserver;"
,,10687,"invoke-virtual {v4, v5}, Landroid/support/v4/view/PagerAdapter;->unregisterDataSetObserver(Landroid/database/DataSetObserver;)V"
,,10770,"iget-object v4, p0, Landroid/support/v4/view/ViewPager;->mObserver:Landroid/support/v4/view/ViewPager$PagerObserver;"
,,10775,"new-instance v4, Landroid/support/v4/view/ViewPager$PagerObserver;"
,,10777,"invoke-direct {v4, p0, v8}, Landroid/support/v4/view/ViewPager$PagerObserver;-><init>(Landroid/support/v4/view/ViewPager;Landroid/support/v4/view/ViewPager$1;)V"
,,10779,"iput-object v4, p0, Landroid/support/v4/view/ViewPager;->mObserver:Landroid/support/v4/view/ViewPager$PagerObserver;"
,,10785,"iget-object v5, p0, Landroid/support/v4/view/ViewPager;->mObserver:Landroid/support/v4/view/ViewPager$PagerObserver;"
,,10787,"invoke-virtual {v4, v5}, Landroid/support/v4/view/PagerAdapter;->registerDataSetObserver(Landroid/database/DataSetObserver;)V"
/Users/ranjith/Documents/Tools/diva/disassembled/smali/android/support/v4/view/PagerTitleStrip$PageListener.smali,,,
,server,,
,,2,.super Landroid/database/DataSetObserver;
,,35,"invoke-direct {p0}, Landroid/database/DataSetObserver;-><init>()V"
/Users/ranjith/Documents/Tools/diva/disassembled/smali/android/support/v4/view/PagerTitleStrip.smali,,,
,server,,
,,997,"invoke-virtual {p1, v0}, Landroid/support/v4/view/PagerAdapter;->unregisterDataSetObserver(Landroid/database/DataSetObserver;)V"
,,1011,"invoke-virtual {p2, v0}, Landroid/support/v4/view/PagerAdapter;->registerDataSetObserver(Landroid/database/DataSetObserver;)V"
/Users/ranjith/Documents/Tools/diva/disassembled/smali/android/support/v4/view/PagerAdapter.smali,,,
,server,,
,,170,.method public registerDataSetObserver(Landroid/database/DataSetObserver;)V
,,172,".param p1, ""observer""    # Landroid/database/DataSetObserver;"
,,178,"invoke-virtual {v0, p1}, Landroid/database/DataSetObservable;->registerObserver(Ljava/lang/Object;)V"
,,250,.method public unregisterDataSetObserver(Landroid/database/DataSetObserver;)V
,,252,".param p1, ""observer""    # Landroid/database/DataSetObserver;"
,,258,"invoke-virtual {v0, p1}, Landroid/database/DataSetObservable;->unregisterObserver(Ljava/lang/Object;)V"
/Users/ranjith/Documents/Tools/diva/disassembled/smali/android/support/v4/view/ViewPager$PagerObserver.smali,,,
,server,,
,,1,.class Landroid/support/v4/view/ViewPager$PagerObserver;
,,2,.super Landroid/database/DataSetObserver;
,,13,"name = ""PagerObserver"""
,,27,"iput-object p1, p0, Landroid/support/v4/view/ViewPager$PagerObserver;->this$0:Landroid/support/v4/view/ViewPager;"
,,29,"invoke-direct {p0}, Landroid/database/DataSetObserver;-><init>()V"
,,41,"invoke-direct {p0, p1}, Landroid/support/v4/view/ViewPager$PagerObserver;-><init>(Landroid/support/v4/view/ViewPager;)V"
,,53,"iget-object v0, p0, Landroid/support/v4/view/ViewPager$PagerObserver;->this$0:Landroid/support/v4/view/ViewPager;"
,,66,"iget-object v0, p0, Landroid/support/v4/view/ViewPager$PagerObserver;->this$0:Landroid/support/v4/view/ViewPager;"
/Users/ranjith/Documents/Tools/diva/disassembled/smali/android/support/v4/view/accessibility/AccessibilityNodeInfoCompat.smali,,,
,password,,
,,1702,.method public isPassword()Z
,,1711,"invoke-interface {v0, v1}, Landroid/support/v4/view/accessibility/AccessibilityNodeInfoCompat$AccessibilityNodeInfoImpl;->isPassword(Ljava/lang/Object;)Z"
,,2399,.method public setPassword(Z)V
,,2401,".param p1, ""password""    # Z"
,,2409,"invoke-interface {v0, v1, p1}, Landroid/support/v4/view/accessibility/AccessibilityNodeInfoCompat$AccessibilityNodeInfoImpl;->setPassword(Ljava/lang/Object;Z)V"
,,2872,"const-string v4, ""; password: """
,,2878,"invoke-virtual {p0}, Landroid/support/v4/view/accessibility/AccessibilityNodeInfoCompat;->isPassword()Z"
/Users/ranjith/Documents/Tools/diva/disassembled/smali/android/support/v4/view/accessibility/AccessibilityRecordCompat$AccessibilityRecordStubImpl.smali,,,
,password,,
,,266,.method public isPassword(Ljava/lang/Object;)Z
,,448,.method public setPassword(Ljava/lang/Object;Z)V
,,451,".param p2, ""isPassword""    # Z"
/Users/ranjith/Documents/Tools/diva/disassembled/smali/android/support/v4/view/accessibility/AccessibilityNodeInfoCompat$AccessibilityNodeInfoStubImpl.smali,,,
,password,,
,,745,.method public isPassword(Ljava/lang/Object;)Z
,,1270,.method public setPassword(Ljava/lang/Object;Z)V
,,1273,".param p2, ""password""    # Z"
/Users/ranjith/Documents/Tools/diva/disassembled/smali/android/support/v4/view/accessibility/AccessibilityNodeInfoCompatIcs.smali,,,
,password,,
,,372,.method public static isPassword(Ljava/lang/Object;)Z
,,381,"invoke-virtual {p0}, Landroid/view/accessibility/AccessibilityNodeInfo;->isPassword()Z"
,,701,.method public static setPassword(Ljava/lang/Object;Z)V
,,704,".param p1, ""password""    # Z"
,,711,"invoke-virtual {p0, p1}, Landroid/view/accessibility/AccessibilityNodeInfo;->setPassword(Z)V"
/Users/ranjith/Documents/Tools/diva/disassembled/smali/android/support/v4/view/accessibility/AccessibilityRecordCompatIcs.smali,,,
,password,,
,,316,.method public static isPassword(Ljava/lang/Object;)Z
,,325,"invoke-virtual {p0}, Landroid/view/accessibility/AccessibilityRecord;->isPassword()Z"
,,567,.method public static setPassword(Ljava/lang/Object;Z)V
,,570,".param p1, ""isPassword""    # Z"
,,577,"invoke-virtual {p0, p1}, Landroid/view/accessibility/AccessibilityRecord;->setPassword(Z)V"
/Users/ranjith/Documents/Tools/diva/disassembled/smali/android/support/v4/view/accessibility/AccessibilityRecordCompat.smali,,,
,password,,
,,596,.method public isPassword()Z
,,605,"invoke-interface {v0, v1}, Landroid/support/v4/view/accessibility/AccessibilityRecordCompat$AccessibilityRecordImpl;->isPassword(Ljava/lang/Object;)Z"
,,851,.method public setPassword(Z)V
,,853,".param p1, ""isPassword""    # Z"
,,861,"invoke-interface {v0, v1, p1}, Landroid/support/v4/view/accessibility/AccessibilityRecordCompat$AccessibilityRecordImpl;->setPassword(Ljava/lang/Object;Z)V"
/Users/ranjith/Documents/Tools/diva/disassembled/smali/android/support/v4/view/accessibility/AccessibilityNodeInfoCompat$AccessibilityNodeInfoIcsImpl.smali,,,
,password,,
,,317,.method public isPassword(Ljava/lang/Object;)Z
,,323,"invoke-static {p1}, Landroid/support/v4/view/accessibility/AccessibilityNodeInfoCompatIcs;->isPassword(Ljava/lang/Object;)Z"
,,589,.method public setPassword(Ljava/lang/Object;Z)V
,,592,".param p2, ""password""    # Z"
,,596,"invoke-static {p1, p2}, Landroid/support/v4/view/accessibility/AccessibilityNodeInfoCompatIcs;->setPassword(Ljava/lang/Object;Z)V"
/Users/ranjith/Documents/Tools/diva/disassembled/smali/android/support/v4/view/accessibility/AccessibilityRecordCompat$AccessibilityRecordIcsImpl.smali,,,
,password,,
,,279,.method public isPassword(Ljava/lang/Object;)Z
,,285,"invoke-static {p1}, Landroid/support/v4/view/accessibility/AccessibilityRecordCompatIcs;->isPassword(Ljava/lang/Object;)Z"
,,485,.method public setPassword(Ljava/lang/Object;Z)V
,,488,".param p2, ""isPassword""    # Z"
,,492,"invoke-static {p1, p2}, Landroid/support/v4/view/accessibility/AccessibilityRecordCompatIcs;->setPassword(Ljava/lang/Object;Z)V"
/Users/ranjith/Documents/Tools/diva/disassembled/smali/android/support/v4/view/accessibility/AccessibilityRecordCompat$AccessibilityRecordImpl.smali,,,
,password,,
,,89,.method public abstract isPassword(Ljava/lang/Object;)Z
,,143,.method public abstract setPassword(Ljava/lang/Object;Z)V
/Users/ranjith/Documents/Tools/diva/disassembled/smali/android/support/v4/view/accessibility/AccessibilityNodeInfoCompat$AccessibilityNodeInfoImpl.smali,,,
,password,,
,,236,.method public abstract isPassword(Ljava/lang/Object;)Z
,,383,.method public abstract setPassword(Ljava/lang/Object;Z)V
/Users/ranjith/Documents/Tools/diva/disassembled/smali/android/support/v4/media/TransportMediatorJellybeanMR2.smali,,,
,server,,
,,39,.field final mWindowAttachListener:Landroid/view/ViewTreeObserver$OnWindowAttachListener;
,,41,.field final mWindowFocusListener:Landroid/view/ViewTreeObserver$OnWindowFocusChangeListener;
,,61,"iput-object v0, p0, Landroid/support/v4/media/TransportMediatorJellybeanMR2;->mWindowAttachListener:Landroid/view/ViewTreeObserver$OnWindowAttachListener;"
,,68,"iput-object v0, p0, Landroid/support/v4/media/TransportMediatorJellybeanMR2;->mWindowFocusListener:Landroid/view/ViewTreeObserver$OnWindowFocusChangeListener;"
,,183,"invoke-virtual {v0}, Landroid/view/View;->getViewTreeObserver()Landroid/view/ViewTreeObserver;"
,,187,"iget-object v1, p0, Landroid/support/v4/media/TransportMediatorJellybeanMR2;->mWindowAttachListener:Landroid/view/ViewTreeObserver$OnWindowAttachListener;"
,,189,"invoke-virtual {v0, v1}, Landroid/view/ViewTreeObserver;->addOnWindowAttachListener(Landroid/view/ViewTreeObserver$OnWindowAttachListener;)V"
,,194,"invoke-virtual {v0}, Landroid/view/View;->getViewTreeObserver()Landroid/view/ViewTreeObserver;"
,,198,"iget-object v1, p0, Landroid/support/v4/media/TransportMediatorJellybeanMR2;->mWindowFocusListener:Landroid/view/ViewTreeObserver$OnWindowFocusChangeListener;"
,,200,"invoke-virtual {v0, v1}, Landroid/view/ViewTreeObserver;->addOnWindowFocusChangeListener(Landroid/view/ViewTreeObserver$OnWindowFocusChangeListener;)V"
,,218,"invoke-virtual {v0}, Landroid/view/View;->getViewTreeObserver()Landroid/view/ViewTreeObserver;"
,,222,"iget-object v1, p0, Landroid/support/v4/media/TransportMediatorJellybeanMR2;->mWindowAttachListener:Landroid/view/ViewTreeObserver$OnWindowAttachListener;"
,,224,"invoke-virtual {v0, v1}, Landroid/view/ViewTreeObserver;->removeOnWindowAttachListener(Landroid/view/ViewTreeObserver$OnWindowAttachListener;)V"
,,229,"invoke-virtual {v0}, Landroid/view/View;->getViewTreeObserver()Landroid/view/ViewTreeObserver;"
,,233,"iget-object v1, p0, Landroid/support/v4/media/TransportMediatorJellybeanMR2;->mWindowFocusListener:Landroid/view/ViewTreeObserver$OnWindowFocusChangeListener;"
,,235,"invoke-virtual {v0, v1}, Landroid/view/ViewTreeObserver;->removeOnWindowFocusChangeListener(Landroid/view/ViewTreeObserver$OnWindowFocusChangeListener;)V"
/Users/ranjith/Documents/Tools/diva/disassembled/smali/android/support/v4/media/TransportMediatorJellybeanMR2$2.smali,,,
,server,,
,,6,.implements Landroid/view/ViewTreeObserver$OnWindowFocusChangeListener;
/Users/ranjith/Documents/Tools/diva/disassembled/smali/android/support/v4/media/TransportMediatorJellybeanMR2$1.smali,,,
,server,,
,,6,.implements Landroid/view/ViewTreeObserver$OnWindowAttachListener;
/Users/ranjith/Documents/Tools/diva/disassembled/smali/jakhar/aseem/diva/APICredsActivity.smali,,,
,password,,
,,43,"const-string v1, ""API Key: 123secretapikey123\nAPI User name: diva\nAPI Password: p@ssword"""
/Users/ranjith/Documents/Tools/diva/disassembled/smali/jakhar/aseem/diva/APICreds2Activity.smali,,,
,password,,
,,88,"const-string v1, ""TVEETER API Key: secrettveeterapikey\nAPI User name: diva2\nAPI Password: p@ssword2"""
/Users/ranjith/Documents/Tools/diva/disassembled/smali/jakhar/aseem/diva/SQLInjectionActivity.smali,,,
,password,,
,,55,"const-string v2, ""CREATE TABLE IF NOT EXISTS sqliuser(user VARCHAR, password VARCHAR, credit_card VARCHAR);"""
,,76,"const-string v2, ""INSERT INTO sqliuser VALUES (\'john\', \'password123\', \'5555666677778888\');"""
/Users/ranjith/Documents/Tools/diva/disassembled/smali/jakhar/aseem/diva/NotesProvider.smali,,,
,server,,
,,175,"invoke-virtual {v2, p1, v3}, Landroid/content/ContentResolver;->notifyChange(Landroid/net/Uri;Landroid/database/ContentObserver;)V"
,,370,"invoke-virtual {v1, v0, v4}, Landroid/content/ContentResolver;->notifyChange(Landroid/net/Uri;Landroid/database/ContentObserver;)V"
,,645,"invoke-virtual {v1, p1, v2}, Landroid/content/ContentResolver;->notifyChange(Landroid/net/Uri;Landroid/database/ContentObserver;)V"
/Users/ranjith/Documents/Tools/diva/disassembled/smali/jakhar/aseem/diva/InsecureDataStorage1Activity.smali,,,
,password,,
,,87,"const-string v4, ""password"""
/Users/ranjith/Documents/Tools/diva/disassembled/smali/jakhar/aseem/diva/R$string.smali,,,
,password,,
,,132,.field public static final ids1_password:I = 0x7f06005a
/Users/ranjith/Documents/Tools/diva/disassembled/smali/jakhar/aseem/diva/InsecureDataStorage2Activity.smali,,,
,password,,
,,48,"const-string v2, ""CREATE TABLE IF NOT EXISTS myuser(user VARCHAR, password VARCHAR);"""
